{
    "roc_auc": 0.7582358897486559,
    "precision": 0.6195019404915912,
    "recall": 0.6021691292046526,
    "f1": 0.6107125777140124,
    "best_threshold": 44.7175657081604,
    "anomaly_rate": 0.23280795100893484,
    "threshold_beta": 0.5
}