{
    "cnn_only": {
        "roc_auc": 0.7682018667272084,
        "precision": 0.6014236870130598,
        "recall": 0.5621921827517552,
        "f1": 0.5811465865085168,
        "best_threshold": 0.006914565353238269,
        "anomaly_rate": 0.2238856540507981
    },
    "isolation_forest_only": {
        "roc_auc": 0.6578627380734917,
        "precision": 0.3353917481591148,
        "recall": 0.9020748192392329,
        "f1": 0.4889804032945186,
        "best_threshold": 0.19926885260998384,
        "anomaly_rate": 0.6441873305892982
    },
    "hybrid": {
        "roc_auc": 0.7682018667272084,
        "precision": 0.6014236870130598,
        "recall": 0.5621921827517552,
        "f1": 0.5811465865085168,
        "best_threshold": 0.006914565353238269,
        "anomaly_rate": 0.2238856540507981,
        "cnn_weight": 1.0,
        "iso_weight": 0.0,
        "iso_contamination": 0.1,
        "threshold_beta": 0.5
    }
}